company_id,cluster_label,cluster_name,return_on_equity_pct,debt_to_equity,operating_profit_margin_pct,net_profit_margin_pct,free_cash_flow_cr
ABB,0,High Return Compounders,32.4682,0.017,25.5028,21.1836,797.0
ADANIENSOL,0,High Return Compounders,9.4613,1.8589,29.8294,2.6653,1095.0
ADANIENT,0,High Return Compounders,8.5347,1.9197,13.5792,5.9485,-8455.0
ADANIGREEN,1,Capital Intensive & High Leverage,12.8127,6.3758,75.1252,17.8817,-13347.0
ADANIPORTS,4,Low Margin / Turnaround,15.3549,0.883,60.3488,34.2545,8250.0
ADANIPOWER,0,High Return Compounders,48.2767,0.6739,38.3623,23.2132,14170.0
AMBUJACEM,0,High Return Compounders,11.429,0.0155,17.723,11.7839,-3295.0
APOLLOHOSP,0,High Return Compounders,13.4804,0.9827,13.4105,5.9798,383.0
ASIANPAINT,0,High Return Compounders,29.6775,0.1396,19.1812,13.2956,3556.0
ATGL,0,High Return Compounders,18.6592,0.3725,23.8914,13.8417,203.0
AXISBANK,1,Capital Intensive & High Leverage,15.8327,8.2491,36.9355,21.8682,-14556.0
BAJAJ-AUTO,0,High Return Compounders,26.6142,0.1693,18.6973,15.0736,6486.0
BAJAJFINSV,1,Capital Intensive & High Leverage,25.8504,4.6641,36.0193,13.0838,-79634.0
BAJAJHLDNG,3,Moderate Performers,13.5768,0.0008,89.6711,431.9677,1469.0
BAJFINANCE,1,Capital Intensive & High Leverage,18.8419,3.7351,30.4164,24.7098,-79931.0
BANKBARODA,1,Capital Intensive & High Leverage,15.7619,12.1437,37.4235,16.2263,-7559.0
BEL,2,Stable Cash Generators,4744.0476,0.8571,26.4565,21.0475,-1265.0
BHARTIARTL,4,Low Margin / Turnaround,10.3584,2.5895,51.9257,8.8861,27809.0
BHEL,0,High Return Compounders,1.1539,0.3772,4.0646,1.7226,-3713.0
BOSCHLTD,0,High Return Compounders,20.6399,0.0024,12.9213,12.1516,1253.0
BPCL,0,High Return Compounders,35.5113,0.7636,5.9591,3.0821,25415.0
BRITANNIA,0,High Return Compounders,54.1487,0.8579,18.186,12.3463,2573.0
CANBK,1,Capital Intensive & High Leverage,16.7161,14.8674,40.2255,13.8795,13296.0
CHOLAFIN,1,Capital Intensive & High Leverage,17.4552,7.3767,28.673,17.1185,-38538.0
CIPLA,4,Low Margin / Turnaround,15.5546,0.0163,74.4042,18.4834,1152.0
COALINDIA,4,Low Margin / Turnaround,45.1698,0.0812,66.7842,24.4784,13617.0
DABUR,0,High Return Compounders,18.356,0.1691,18.8077,14.14,1042.0
DIVISLAB,0,High Return Compounders,11.7898,0.0006,29.6958,21.3141,992.0
DLF,0,High Return Compounders,6.9083,0.1066,26.9247,57.1918,1010.0
DMART,0,High Return Compounders,13.5629,0.0354,7.8234,4.7542,278.0
DRREDDY,0,High Return Compounders,19.7423,0.1579,26.6131,17.4453,509.0
EICHERMOT,0,High Return Compounders,22.1723,0.0213,26.1658,24.9722,890.0
GAIL,0,High Return Compounders,12.8615,0.2342,12.3338,8.481,4360.0
GODREJCP,0,High Return Compounders,-4.4531,0.3145,21.1702,-3.201,-1365.0
GRASIM,0,High Return Compounders,11.1965,1.7021,20.0604,6.3399,-33833.0
HAL,2,Stable Cash Generators,3816.5829,0.599,31.951,27.1939,1814.0
HAVELLS,0,High Return Compounders,17.0673,0.0426,9.7113,6.7708,335.0
HCLTECH,0,High Return Compounders,23.0139,0.0841,21.8016,14.8168,15840.0
HDFCBANK,4,Low Margin / Turnaround,14.3397,6.8088,62.6125,21.9341,19069.0
HDFCLIFE,4,Low Margin / Turnaround,10.7323,0.0609,99.2815,1.7336,-2893.0
HEROMOTOCO,4,Low Margin / Turnaround,21.1424,0.0309,86.1315,10.3072,3095.0
HINDALCO,4,Low Margin / Turnaround,9.567,0.5293,87.5318,5.5746,9789.0
HINDUNILVR,4,Low Margin / Turnaround,20.075,0.0325,76.4463,17.167,10145.0
ICICIBANK,4,Low Margin / Turnaround,17.9903,6.4456,69.6324,29.0311,12547.0
ICICIGI,4,Low Margin / Turnaround,15.7231,0.0,85.5671,10.8064,486.0
ICICIPRULI,4,Low Margin / Turnaround,7.7328,0.0,99.5862,1.2556,-7315.0
INDIGO,4,Low Margin / Turnaround,892.5683,0.021,79.1987,7.9424,9424.0
INDUSINDBK,1,Capital Intensive & High Leverage,14.2523,6.8857,41.0252,16.5742,-17468.0
INFY,0,High Return Compounders,29.788,0.0973,23.8424,17.3057,20117.0
IOC,0,High Return Compounders,23.5316,0.9009,4.3244,1.4326,39635.0
IRCTC,0,High Return Compounders,34.3963,0.0119,33.7823,26.936,667.0
IRFC,4,Low Margin / Turnaround,13.0381,7.8327,99.4647,24.2993,7906.0
ITC,0,High Return Compounders,27.8511,0.004,35.4562,27.7221,17179.0
JINDALSTEL,0,High Return Compounders,13.4105,0.3647,20.6462,10.1162,-2336.0
JIOFIN,4,Low Margin / Turnaround,1.1535,0.0,77.7947,81.6565,-678.0
JSWENERGY,0,High Return Compounders,8.2805,1.103,47.1444,17.4142,-1963.0
JSWSTEEL,0,High Return Compounders,11.5529,1.1957,13.2011,1.9451,-2389.0
KOTAKBANK,4,Low Margin / Turnaround,14.013,4.0037,79.4217,35.174,6766.0
LICI,0,High Return Compounders,49.4471,0.0001,2.8848,4.6276,853.0
LODHA,0,High Return Compounders,8.8958,0.4394,28.0831,18.4986,-435.0
LT,0,High Return Compounders,77.6651,0.1104,12.8997,6.7607,18266.0
LTIM,0,High Return Compounders,22.9044,0.1104,17.3288,12.3192,1752.0
M&M,0,High Return Compounders,18.5375,1.6573,18.6465,8.9168,-11245.0
MARUTI,0,High Return Compounders,15.7504,0.0018,13.6117,9.6555,4936.0
MOTHERSON,0,High Return Compounders,11.5465,0.7789,9.5756,3.7694,925.0
NAUKRI,0,High Return Compounders,1.9662,0.0061,28.2119,20.6987,-150.0
NESTLEIND,0,High Return Compounders,117.7545,0.0927,23.8856,16.7947,2938.0
NHPC,4,Low Margin / Turnaround,10.4077,0.8521,51.7544,35.2632,970.0
NTPC,0,High Return Compounders,13.2736,1.4382,28.1841,12.1285,8644.0
ONGC,0,High Return Compounders,16.9404,0.5436,13.0364,6.4248,42060.0
PFC,1,Capital Intensive & High Leverage,26.1609,8.2733,36.4374,28.7799,-101229.0
PIDILITIND,0,High Return Compounders,20.7803,0.0435,22.8819,15.2934,955.0
PNB,1,Capital Intensive & High Leverage,61.3206,3.6843,26.4565,12.5166,-29445.0
POWERGRID,4,Low Margin / Turnaround,17.87,1.3314,85.6435,34.2967,24176.0
RECLTD,1,Capital Intensive & High Leverage,20.3965,6.5789,98.7765,28.9085,-59554.0
RELIANCE,0,High Return Compounders,9.9587,0.4363,17.4634,8.5058,45207.0
SBILIFE,0,High Return Compounders,12.7046,0.0,0.7742,1.8536,-2099.0
SBIN,0,High Return Compounders,16.7161,0.3936,-12.6037,15.8554,18156.0
SHREECEM,0,High Return Compounders,8.3708,0.0806,21.3413,8.7516,1929.0
SHRIRAMFIN,1,Capital Intensive & High Leverage,15.1164,3.9666,28.6374,23.7156,-31359.0
SIEMENS,0,High Return Compounders,17.6988,0.0182,13.9568,12.2212,1168.0
SUNPHARMA,0,High Return Compounders,15.0942,0.0372,27.9459,22.0979,11372.0
TATACONSUM,0,High Return Compounders,7.5668,0.1545,15.3157,7.1792,26.0
TATAMOTORS,0,High Return Compounders,37.4561,1.0543,13.7474,7.6844,45133.0
TATAPOWER,0,High Return Compounders,13.2278,1.7314,17.4156,6.9351,3569.0
TATASTEEL,0,High Return Compounders,-5.3349,1.1026,11.4537,1.1434,6048.0
TCS,0,High Return Compounders,50.9443,0.0891,26.8131,19.4405,44338.0
TECHM,0,High Return Compounders,8.988,0.0769,11.8588,7.1938,5058.0
TITAN,0,High Return Compounders,37.2192,2.2235,9.6203,5.955,1506.0
TORNTPHARM,0,High Return Compounders,24.154,0.4168,32.2067,16.475,3106.0
TRENT,0,High Return Compounders,36.3078,0.3936,15.6672,12.0399,841.0
TVSMOTOR,0,High Return Compounders,26.2235,1.8839,14.4336,4.8827,-2254.0
