table,source_file,rows_in,rows_out,rejected,warnings,critical_failures,timestamp,status
companies,companies.xlsx,92,92,0,0,2,2026-09-23T02:13:52.282487,COMPLETED_WITH_WARNINGS
profitandloss,profitandloss.xlsx,1276,1164,112,110,1164,2026-09-23T02:13:52.283584,COMPLETED_WITH_WARNINGS
balancesheet,balancesheet.xlsx,1312,1140,172,89,1140,2026-09-23T02:13:52.284649,COMPLETED_WITH_WARNINGS
cashflow,cashflow.xlsx,1187,1063,124,37,1063,2026-09-23T02:13:52.285659,COMPLETED_WITH_WARNINGS
analysis,analysis.xlsx,20,16,4,0,16,2026-09-23T02:13:52.286597,COMPLETED_WITH_WARNINGS
documents,documents.xlsx,1585,1456,129,0,2912,2026-09-23T02:13:52.288776,COMPLETED_WITH_WARNINGS
prosandcons,prosandcons.xlsx,16,14,2,0,14,2026-09-23T02:13:52.289774,COMPLETED_WITH_WARNINGS
sectors,sectors.xlsx,92,92,0,0,92,2026-09-23T02:13:52.290659,COMPLETED_WITH_WARNINGS
stock_prices,stock_prices.xlsx,5520,5520,0,0,5520,2026-09-23T02:13:52.292598,COMPLETED_WITH_WARNINGS
market_cap,market_cap.xlsx,552,552,0,0,552,2026-09-23T02:13:52.293608,COMPLETED_WITH_WARNINGS
financial_ratios,financial_ratios.xlsx,1184,1041,143,0,1041,2026-09-23T02:13:52.294638,COMPLETED_WITH_WARNINGS
peer_groups,peer_groups.xlsx,56,56,0,0,56,2026-09-23T02:13:52.295464,COMPLETED_WITH_WARNINGS
