company_id,in_nifty92,reason
ABB,True,Included in Nifty 92 Universe
ADANIENSOL,True,Included in Nifty 92 Universe
ADANIENT,True,Included in Nifty 92 Universe
ADANIGREEN,True,Included in Nifty 92 Universe
ADANIPORTS,True,Included in Nifty 92 Universe
ADANIPOWER,True,Included in Nifty 92 Universe
AMBUJACEM,True,Included in Nifty 92 Universe
APOLLOHOSP,True,Included in Nifty 92 Universe
ASIANPAINT,True,Included in Nifty 92 Universe
ATGL,True,Included in Nifty 92 Universe
AXISBANK,True,Included in Nifty 92 Universe
BAJAJ-AUTO,True,Included in Nifty 92 Universe
BAJAJFINSV,True,Included in Nifty 92 Universe
BAJAJHLDNG,True,Included in Nifty 92 Universe
BAJFINANCE,True,Included in Nifty 92 Universe
BANKBARODA,True,Included in Nifty 92 Universe
BEL,True,Included in Nifty 92 Universe
BHARTIARTL,True,Included in Nifty 92 Universe
BHEL,True,Included in Nifty 92 Universe
BOSCHLTD,True,Included in Nifty 92 Universe
BPCL,True,Included in Nifty 92 Universe
BRITANNIA,True,Included in Nifty 92 Universe
CANBK,True,Included in Nifty 92 Universe
CHOLAFIN,True,Included in Nifty 92 Universe
CIPLA,True,Included in Nifty 92 Universe
COALINDIA,True,Included in Nifty 92 Universe
DABUR,True,Included in Nifty 92 Universe
DLF,True,Included in Nifty 92 Universe
DMART,True,Included in Nifty 92 Universe
DRREDDY,True,Included in Nifty 92 Universe
EICHERMOT,True,Included in Nifty 92 Universe
GAIL,True,Included in Nifty 92 Universe
GODREJCP,True,Included in Nifty 92 Universe
GRASIM,True,Included in Nifty 92 Universe
HAL,True,Included in Nifty 92 Universe
HAVELLS,True,Included in Nifty 92 Universe
HCLTECH,True,Included in Nifty 92 Universe
HDFCBANK,True,Included in Nifty 92 Universe
HDFCLIFE,True,Included in Nifty 92 Universe
HEROMOTOCO,True,Included in Nifty 92 Universe
HINDALCO,True,Included in Nifty 92 Universe
HINDUNILVR,True,Included in Nifty 92 Universe
ICICIBANK,True,Included in Nifty 92 Universe
ICICIGI,True,Included in Nifty 92 Universe
ICICIPRULI,True,Included in Nifty 92 Universe
INDIGO,True,Included in Nifty 92 Universe
INDUSINDBK,True,Included in Nifty 92 Universe
INFY,True,Included in Nifty 92 Universe
IOC,True,Included in Nifty 92 Universe
IRCTC,True,Included in Nifty 92 Universe
IRFC,True,Included in Nifty 92 Universe
ITC,True,Included in Nifty 92 Universe
JINDALSTEL,True,Included in Nifty 92 Universe
JIOFIN,True,Included in Nifty 92 Universe
JSWENERGY,True,Included in Nifty 92 Universe
JSWSTEEL,True,Included in Nifty 92 Universe
KOTAKBANK,True,Included in Nifty 92 Universe
LICI,True,Included in Nifty 92 Universe
LODHA,True,Included in Nifty 92 Universe
LT,True,Included in Nifty 92 Universe
LTIM,True,Included in Nifty 92 Universe
M&M,True,Included in Nifty 92 Universe
MARUTI,True,Included in Nifty 92 Universe
MOTHERSON,True,Included in Nifty 92 Universe
NAUKRI,True,Included in Nifty 92 Universe
NESTLEIND,True,Included in Nifty 92 Universe
NHPC,True,Included in Nifty 92 Universe
NTPC,True,Included in Nifty 92 Universe
ONGC,True,Included in Nifty 92 Universe
PFC,True,Included in Nifty 92 Universe
PIDILITIND,True,Included in Nifty 92 Universe
PNB,True,Included in Nifty 92 Universe
POWERGRID,True,Included in Nifty 92 Universe
RECLTD,True,Included in Nifty 92 Universe
RELIANCE,True,Included in Nifty 92 Universe
SBILIFE,True,Included in Nifty 92 Universe
SBIN,True,Included in Nifty 92 Universe
SHREECEM,True,Included in Nifty 92 Universe
SHRIRAMFIN,True,Included in Nifty 92 Universe
SIEMENS,True,Included in Nifty 92 Universe
SUNPHARMA,True,Included in Nifty 92 Universe
TATACONSUM,True,Included in Nifty 92 Universe
TATAMOTORS,True,Included in Nifty 92 Universe
TATAPOWER,True,Included in Nifty 92 Universe
TATASTEEL,True,Included in Nifty 92 Universe
TCS,True,Included in Nifty 92 Universe
TECHM,True,Included in Nifty 92 Universe
TITAN,True,Included in Nifty 92 Universe
TORNTPHARM,True,Included in Nifty 92 Universe
TRENT,True,Included in Nifty 92 Universe
TVSMOTOR,True,Included in Nifty 92 Universe
ULTRACEMCO,False,Document company outside Nifty 92 analytical universe
UNIONBANK,False,Document company outside Nifty 92 analytical universe
UNITDSPR,False,Document company outside Nifty 92 analytical universe
VBL,False,Document company outside Nifty 92 analytical universe
VEDL,False,Document company outside Nifty 92 analytical universe
WIPRO,False,Document company outside Nifty 92 analytical universe
ZOMATO,False,Document company outside Nifty 92 analytical universe
ZYDUSLIFE,False,Document company outside Nifty 92 analytical universe
