ticker,report_type,pdf_path,status,timestamp
ABB,TEARSHEET,C:\Users\HP\Desktop\ne100\reports\tearsheets\ABB_Tearsheet.pdf,SUCCESS,2026-09-23T02:40:57.262730
ADANIENSOL,TEARSHEET,C:\Users\HP\Desktop\ne100\reports\tearsheets\ADANIENSOL_Tearsheet.pdf,SUCCESS,2026-09-23T02:40:57.286505
ADANIENT,TEARSHEET,C:\Users\HP\Desktop\ne100\reports\tearsheets\ADANIENT_Tearsheet.pdf,SUCCESS,2026-09-23T02:40:57.316826
ADANIGREEN,TEARSHEET,C:\Users\HP\Desktop\ne100\reports\tearsheets\ADANIGREEN_Tearsheet.pdf,SUCCESS,2026-09-23T02:40:57.347100
ADANIPORTS,TEARSHEET,C:\Users\HP\Desktop\ne100\reports\tearsheets\ADANIPORTS_Tearsheet.pdf,SUCCESS,2026-09-23T02:40:57.371573
ADANIPOWER,TEARSHEET,C:\Users\HP\Desktop\ne100\reports\tearsheets\ADANIPOWER_Tearsheet.pdf,SUCCESS,2026-09-23T02:40:57.403594
AMBUJACEM,TEARSHEET,C:\Users\HP\Desktop\ne100\reports\tearsheets\AMBUJACEM_Tearsheet.pdf,SUCCESS,2026-09-23T02:40:57.432520
APOLLOHOSP,TEARSHEET,C:\Users\HP\Desktop\ne100\reports\tearsheets\APOLLOHOSP_Tearsheet.pdf,SUCCESS,2026-09-23T02:40:57.455239
ASIANPAINT,TEARSHEET,C:\Users\HP\Desktop\ne100\reports\tearsheets\ASIANPAINT_Tearsheet.pdf,SUCCESS,2026-09-23T02:40:57.479014
ATGL,TEARSHEET,C:\Users\HP\Desktop\ne100\reports\tearsheets\ATGL_Tearsheet.pdf,SUCCESS,2026-09-23T02:40:57.500072
AXISBANK,TEARSHEET,C:\Users\HP\Desktop\ne100\reports\tearsheets\AXISBANK_Tearsheet.pdf,SUCCESS,2026-09-23T02:40:57.521778
BAJAJ-AUTO,TEARSHEET,C:\Users\HP\Desktop\ne100\reports\tearsheets\BAJAJ-AUTO_Tearsheet.pdf,SUCCESS,2026-09-23T02:40:57.547239
BAJAJFINSV,TEARSHEET,C:\Users\HP\Desktop\ne100\reports\tearsheets\BAJAJFINSV_Tearsheet.pdf,SUCCESS,2026-09-23T02:40:57.572571
BAJAJHLDNG,TEARSHEET,C:\Users\HP\Desktop\ne100\reports\tearsheets\BAJAJHLDNG_Tearsheet.pdf,SUCCESS,2026-09-23T02:40:57.593187
BAJFINANCE,TEARSHEET,C:\Users\HP\Desktop\ne100\reports\tearsheets\BAJFINANCE_Tearsheet.pdf,SUCCESS,2026-09-23T02:40:57.614093
BANKBARODA,TEARSHEET,C:\Users\HP\Desktop\ne100\reports\tearsheets\BANKBARODA_Tearsheet.pdf,SUCCESS,2026-09-23T02:40:57.637195
BEL,TEARSHEET,C:\Users\HP\Desktop\ne100\reports\tearsheets\BEL_Tearsheet.pdf,SUCCESS,2026-09-23T02:40:57.659802
BHARTIARTL,TEARSHEET,C:\Users\HP\Desktop\ne100\reports\tearsheets\BHARTIARTL_Tearsheet.pdf,SUCCESS,2026-09-23T02:40:57.680352
BHEL,TEARSHEET,C:\Users\HP\Desktop\ne100\reports\tearsheets\BHEL_Tearsheet.pdf,SUCCESS,2026-09-23T02:40:57.698469
BOSCHLTD,TEARSHEET,C:\Users\HP\Desktop\ne100\reports\tearsheets\BOSCHLTD_Tearsheet.pdf,SUCCESS,2026-09-23T02:40:57.719306
BPCL,TEARSHEET,C:\Users\HP\Desktop\ne100\reports\tearsheets\BPCL_Tearsheet.pdf,SUCCESS,2026-09-23T02:40:57.738736
BRITANNIA,TEARSHEET,C:\Users\HP\Desktop\ne100\reports\tearsheets\BRITANNIA_Tearsheet.pdf,SUCCESS,2026-09-23T02:40:57.756836
CANBK,TEARSHEET,C:\Users\HP\Desktop\ne100\reports\tearsheets\CANBK_Tearsheet.pdf,SUCCESS,2026-09-23T02:40:57.779134
CHOLAFIN,TEARSHEET,C:\Users\HP\Desktop\ne100\reports\tearsheets\CHOLAFIN_Tearsheet.pdf,SUCCESS,2026-09-23T02:40:57.797126
CIPLA,TEARSHEET,C:\Users\HP\Desktop\ne100\reports\tearsheets\CIPLA_Tearsheet.pdf,SUCCESS,2026-09-23T02:40:57.815321
COALINDIA,TEARSHEET,C:\Users\HP\Desktop\ne100\reports\tearsheets\COALINDIA_Tearsheet.pdf,SUCCESS,2026-09-23T02:40:57.840045
DABUR,TEARSHEET,C:\Users\HP\Desktop\ne100\reports\tearsheets\DABUR_Tearsheet.pdf,SUCCESS,2026-09-23T02:40:57.861155
DIVISLAB,TEARSHEET,C:\Users\HP\Desktop\ne100\reports\tearsheets\DIVISLAB_Tearsheet.pdf,SUCCESS,2026-09-23T02:40:57.881978
DLF,TEARSHEET,C:\Users\HP\Desktop\ne100\reports\tearsheets\DLF_Tearsheet.pdf,SUCCESS,2026-09-23T02:40:57.904426
DMART,TEARSHEET,C:\Users\HP\Desktop\ne100\reports\tearsheets\DMART_Tearsheet.pdf,SUCCESS,2026-09-23T02:40:57.926299
DRREDDY,TEARSHEET,C:\Users\HP\Desktop\ne100\reports\tearsheets\DRREDDY_Tearsheet.pdf,SUCCESS,2026-09-23T02:40:57.950476
EICHERMOT,TEARSHEET,C:\Users\HP\Desktop\ne100\reports\tearsheets\EICHERMOT_Tearsheet.pdf,SUCCESS,2026-09-23T02:40:57.971478
GAIL,TEARSHEET,C:\Users\HP\Desktop\ne100\reports\tearsheets\GAIL_Tearsheet.pdf,SUCCESS,2026-09-23T02:40:57.995497
GODREJCP,TEARSHEET,C:\Users\HP\Desktop\ne100\reports\tearsheets\GODREJCP_Tearsheet.pdf,SUCCESS,2026-09-23T02:40:58.017613
GRASIM,TEARSHEET,C:\Users\HP\Desktop\ne100\reports\tearsheets\GRASIM_Tearsheet.pdf,SUCCESS,2026-09-23T02:40:58.044968
HAL,TEARSHEET,C:\Users\HP\Desktop\ne100\reports\tearsheets\HAL_Tearsheet.pdf,SUCCESS,2026-09-23T02:40:58.065920
HAVELLS,TEARSHEET,C:\Users\HP\Desktop\ne100\reports\tearsheets\HAVELLS_Tearsheet.pdf,SUCCESS,2026-09-23T02:40:58.086238
HCLTECH,TEARSHEET,C:\Users\HP\Desktop\ne100\reports\tearsheets\HCLTECH_Tearsheet.pdf,SUCCESS,2026-09-23T02:40:58.118582
HDFCBANK,TEARSHEET,C:\Users\HP\Desktop\ne100\reports\tearsheets\HDFCBANK_Tearsheet.pdf,SUCCESS,2026-09-23T02:40:58.161913
HDFCLIFE,TEARSHEET,C:\Users\HP\Desktop\ne100\reports\tearsheets\HDFCLIFE_Tearsheet.pdf,SUCCESS,2026-09-23T02:40:58.187326
HEROMOTOCO,TEARSHEET,C:\Users\HP\Desktop\ne100\reports\tearsheets\HEROMOTOCO_Tearsheet.pdf,SUCCESS,2026-09-23T02:40:58.210798
HINDALCO,TEARSHEET,C:\Users\HP\Desktop\ne100\reports\tearsheets\HINDALCO_Tearsheet.pdf,SUCCESS,2026-09-23T02:40:58.243105
HINDUNILVR,TEARSHEET,C:\Users\HP\Desktop\ne100\reports\tearsheets\HINDUNILVR_Tearsheet.pdf,SUCCESS,2026-09-23T02:40:58.280122
ICICIBANK,TEARSHEET,C:\Users\HP\Desktop\ne100\reports\tearsheets\ICICIBANK_Tearsheet.pdf,SUCCESS,2026-09-23T02:40:58.317140
ICICIGI,TEARSHEET,C:\Users\HP\Desktop\ne100\reports\tearsheets\ICICIGI_Tearsheet.pdf,SUCCESS,2026-09-23T02:40:58.359183
ICICIPRULI,TEARSHEET,C:\Users\HP\Desktop\ne100\reports\tearsheets\ICICIPRULI_Tearsheet.pdf,SUCCESS,2026-09-23T02:40:58.385156
INDIGO,TEARSHEET,C:\Users\HP\Desktop\ne100\reports\tearsheets\INDIGO_Tearsheet.pdf,SUCCESS,2026-09-23T02:40:58.413404
INDUSINDBK,TEARSHEET,C:\Users\HP\Desktop\ne100\reports\tearsheets\INDUSINDBK_Tearsheet.pdf,SUCCESS,2026-09-23T02:40:58.437189
INFY,TEARSHEET,C:\Users\HP\Desktop\ne100\reports\tearsheets\INFY_Tearsheet.pdf,SUCCESS,2026-09-23T02:40:58.488832
IOC,TEARSHEET,C:\Users\HP\Desktop\ne100\reports\tearsheets\IOC_Tearsheet.pdf,SUCCESS,2026-09-23T02:40:58.538625
IRCTC,TEARSHEET,C:\Users\HP\Desktop\ne100\reports\tearsheets\IRCTC_Tearsheet.pdf,SUCCESS,2026-09-23T02:40:58.578028
IRFC,TEARSHEET,C:\Users\HP\Desktop\ne100\reports\tearsheets\IRFC_Tearsheet.pdf,SUCCESS,2026-09-23T02:40:58.614142
ITC,TEARSHEET,C:\Users\HP\Desktop\ne100\reports\tearsheets\ITC_Tearsheet.pdf,SUCCESS,2026-09-23T02:40:58.653232
JINDALSTEL,TEARSHEET,C:\Users\HP\Desktop\ne100\reports\tearsheets\JINDALSTEL_Tearsheet.pdf,SUCCESS,2026-09-23T02:40:58.685641
JIOFIN,TEARSHEET,C:\Users\HP\Desktop\ne100\reports\tearsheets\JIOFIN_Tearsheet.pdf,SUCCESS,2026-09-23T02:40:58.716200
JSWENERGY,TEARSHEET,C:\Users\HP\Desktop\ne100\reports\tearsheets\JSWENERGY_Tearsheet.pdf,SUCCESS,2026-09-23T02:40:58.750645
JSWSTEEL,TEARSHEET,C:\Users\HP\Desktop\ne100\reports\tearsheets\JSWSTEEL_Tearsheet.pdf,SUCCESS,2026-09-23T02:40:58.787074
KOTAKBANK,TEARSHEET,C:\Users\HP\Desktop\ne100\reports\tearsheets\KOTAKBANK_Tearsheet.pdf,SUCCESS,2026-09-23T02:40:58.816985
LICI,TEARSHEET,C:\Users\HP\Desktop\ne100\reports\tearsheets\LICI_Tearsheet.pdf,SUCCESS,2026-09-23T02:40:58.847286
LODHA,TEARSHEET,C:\Users\HP\Desktop\ne100\reports\tearsheets\LODHA_Tearsheet.pdf,SUCCESS,2026-09-23T02:40:58.869684
LT,TEARSHEET,C:\Users\HP\Desktop\ne100\reports\tearsheets\LT_Tearsheet.pdf,SUCCESS,2026-09-23T02:40:58.890801
LTIM,TEARSHEET,C:\Users\HP\Desktop\ne100\reports\tearsheets\LTIM_Tearsheet.pdf,SUCCESS,2026-09-23T02:40:58.915190
M&M,TEARSHEET,C:\Users\HP\Desktop\ne100\reports\tearsheets\M&M_Tearsheet.pdf,SUCCESS,2026-09-23T02:40:58.936124
MARUTI,TEARSHEET,C:\Users\HP\Desktop\ne100\reports\tearsheets\MARUTI_Tearsheet.pdf,SUCCESS,2026-09-23T02:40:58.956549
MOTHERSON,TEARSHEET,C:\Users\HP\Desktop\ne100\reports\tearsheets\MOTHERSON_Tearsheet.pdf,SUCCESS,2026-09-23T02:40:58.977981
NAUKRI,TEARSHEET,C:\Users\HP\Desktop\ne100\reports\tearsheets\NAUKRI_Tearsheet.pdf,SUCCESS,2026-09-23T02:40:58.996952
NESTLEIND,TEARSHEET,C:\Users\HP\Desktop\ne100\reports\tearsheets\NESTLEIND_Tearsheet.pdf,SUCCESS,2026-09-23T02:40:59.019440
NHPC,TEARSHEET,C:\Users\HP\Desktop\ne100\reports\tearsheets\NHPC_Tearsheet.pdf,SUCCESS,2026-09-23T02:40:59.042472
NTPC,TEARSHEET,C:\Users\HP\Desktop\ne100\reports\tearsheets\NTPC_Tearsheet.pdf,SUCCESS,2026-09-23T02:40:59.064957
ONGC,TEARSHEET,C:\Users\HP\Desktop\ne100\reports\tearsheets\ONGC_Tearsheet.pdf,SUCCESS,2026-09-23T02:40:59.098190
PFC,TEARSHEET,C:\Users\HP\Desktop\ne100\reports\tearsheets\PFC_Tearsheet.pdf,SUCCESS,2026-09-23T02:40:59.134387
PIDILITIND,TEARSHEET,C:\Users\HP\Desktop\ne100\reports\tearsheets\PIDILITIND_Tearsheet.pdf,SUCCESS,2026-09-23T02:40:59.162729
PNB,TEARSHEET,C:\Users\HP\Desktop\ne100\reports\tearsheets\PNB_Tearsheet.pdf,SUCCESS,2026-09-23T02:40:59.184624
POWERGRID,TEARSHEET,C:\Users\HP\Desktop\ne100\reports\tearsheets\POWERGRID_Tearsheet.pdf,SUCCESS,2026-09-23T02:40:59.229635
RECLTD,TEARSHEET,C:\Users\HP\Desktop\ne100\reports\tearsheets\RECLTD_Tearsheet.pdf,SUCCESS,2026-09-23T02:40:59.260919
RELIANCE,TEARSHEET,C:\Users\HP\Desktop\ne100\reports\tearsheets\RELIANCE_Tearsheet.pdf,SUCCESS,2026-09-23T02:40:59.290603
SBILIFE,TEARSHEET,C:\Users\HP\Desktop\ne100\reports\tearsheets\SBILIFE_Tearsheet.pdf,SUCCESS,2026-09-23T02:40:59.321524
SBIN,TEARSHEET,C:\Users\HP\Desktop\ne100\reports\tearsheets\SBIN_Tearsheet.pdf,SUCCESS,2026-09-23T02:40:59.353522
SHREECEM,TEARSHEET,C:\Users\HP\Desktop\ne100\reports\tearsheets\SHREECEM_Tearsheet.pdf,SUCCESS,2026-09-23T02:40:59.390173
SHRIRAMFIN,TEARSHEET,C:\Users\HP\Desktop\ne100\reports\tearsheets\SHRIRAMFIN_Tearsheet.pdf,SUCCESS,2026-09-23T02:40:59.426105
SIEMENS,TEARSHEET,C:\Users\HP\Desktop\ne100\reports\tearsheets\SIEMENS_Tearsheet.pdf,SUCCESS,2026-09-23T02:40:59.453245
SUNPHARMA,TEARSHEET,C:\Users\HP\Desktop\ne100\reports\tearsheets\SUNPHARMA_Tearsheet.pdf,SUCCESS,2026-09-23T02:40:59.477501
TATACONSUM,TEARSHEET,C:\Users\HP\Desktop\ne100\reports\tearsheets\TATACONSUM_Tearsheet.pdf,SUCCESS,2026-09-23T02:40:59.506773
TATAMOTORS,TEARSHEET,C:\Users\HP\Desktop\ne100\reports\tearsheets\TATAMOTORS_Tearsheet.pdf,SUCCESS,2026-09-23T02:40:59.536449
TATAPOWER,TEARSHEET,C:\Users\HP\Desktop\ne100\reports\tearsheets\TATAPOWER_Tearsheet.pdf,SUCCESS,2026-09-23T02:40:59.557340
TATASTEEL,TEARSHEET,C:\Users\HP\Desktop\ne100\reports\tearsheets\TATASTEEL_Tearsheet.pdf,SUCCESS,2026-09-23T02:40:59.581415
TCS,TEARSHEET,C:\Users\HP\Desktop\ne100\reports\tearsheets\TCS_Tearsheet.pdf,SUCCESS,2026-09-23T02:40:59.603476
TECHM,TEARSHEET,C:\Users\HP\Desktop\ne100\reports\tearsheets\TECHM_Tearsheet.pdf,SUCCESS,2026-09-23T02:40:59.623766
TITAN,TEARSHEET,C:\Users\HP\Desktop\ne100\reports\tearsheets\TITAN_Tearsheet.pdf,SUCCESS,2026-09-23T02:40:59.651293
TORNTPHARM,TEARSHEET,C:\Users\HP\Desktop\ne100\reports\tearsheets\TORNTPHARM_Tearsheet.pdf,SUCCESS,2026-09-23T02:40:59.673507
TRENT,TEARSHEET,C:\Users\HP\Desktop\ne100\reports\tearsheets\TRENT_Tearsheet.pdf,SUCCESS,2026-09-23T02:40:59.694637
TVSMOTOR,TEARSHEET,C:\Users\HP\Desktop\ne100\reports\tearsheets\TVSMOTOR_Tearsheet.pdf,SUCCESS,2026-09-23T02:40:59.716885
